# hostname,interval,timestamp,pswpin/s,pswpout/s,pgpgin/s,pgpgout/s,fault/s,majflt/s,pgfree/s,pgscank/s,pgscand/s,pgsteal/s,%vmeff,kbmemfree,kbmemused,%memused,kbbuffers,kbcached,kbcommit,%commit,kbactive,kbinact,kbdirty,kbanonpg,kbslab,kbkstack,kbpgtbl,kbvmused
pes,1,2020-05-25 08:57:12 UTC,0.00,0.00,0.00,203764.00,26.00,0.00,138.00,0.00,0.00,0.00,0.00,23543568,42309728,64.25,801632,36506380,10892612,8.20,32879076,7913096,4970148,3453200,1097348,25776,26964,0
pes,1,2020-05-25 08:57:13 UTC,0.00,0.00,0.00,96264.00,10.00,0.00,126.00,0.00,0.00,0.00,0.00,23543520,42309776,64.25,801632,36506500,10892612,8.20,32879000,7913112,4874268,3453280,1097352,25824,27044,0
pes,1,2020-05-25 08:57:14 UTC,0.00,0.00,0.00,96152.00,29.00,0.00,107.00,0.00,0.00,0.00,0.00,23543860,42309436,64.25,801632,36506528,10892612,8.20,32879000,7913112,4778032,3453288,1097384,25824,27044,0
pes,1,2020-05-25 08:57:15 UTC,0.00,0.00,0.00,64516.00,10.00,0.00,124.00,0.00,0.00,0.00,0.00,23543860,42309436,64.25,801632,36506528,10892612,8.20,32879000,7913112,4714044,3453288,1097384,25824,27044,0
pes,1,2020-05-25 08:57:16 UTC,0.00,0.00,0.00,95160.00,6.00,0.00,112.00,0.00,0.00,0.00,0.00,23543860,42309436,64.25,801632,36506528,10892612,8.20,32879000,7913112,4618184,3453288,1097384,25824,27044,0
pes,1,2020-05-25 08:57:17 UTC,0.00,0.00,0.00,96440.00,12.00,0.00,118.00,0.00,0.00,0.00,0.00,23543860,42309436,64.25,801632,36506528,10892612,8.20,32879000,7913112,4521732,3453288,1097384,25824,27044,0
pes,1,2020-05-25 08:57:18 UTC,0.00,0.00,0.00,94136.00,10.00,0.00,117.00,0.00,0.00,0.00,0.00,23543860,42309436,64.25,801632,36506528,10892612,8.20,32879000,7913112,4427904,3453288,1097384,25824,27044,0
pes,1,2020-05-25 08:57:19 UTC,0.00,0.00,0.00,64520.00,264.00,0.00,132.00,0.00,0.00,0.00,0.00,23543860,42309436,64.25,801632,36506528,10892612,8.20,32879000,7913112,4363356,3453288,1097384,25824,27044,0
pes,1,2020-05-25 08:57:20 UTC,0.00,0.00,0.00,96264.00,17.00,0.00,108.00,0.00,0.00,0.00,0.00,23543860,42309436,64.25,801632,36506528,10892612,8.20,32879000,7913112,4267512,3453288,1097384,25824,27044,0
pes,1,2020-05-25 08:57:21 UTC,0.00,0.00,0.00,63396.00,11.00,0.00,107.00,0.00,0.00,0.00,0.00,23543860,42309436,64.25,801632,36506528,10892612,8.20,32879000,7913112,4204040,3453288,1097384,25824,27044,0
pes,1,2020-05-25 08:57:22 UTC,0.00,0.00,0.00,96376.00,43.00,0.00,111.00,0.00,0.00,0.00,0.00,23543364,42309932,64.25,801632,36506528,10892612,8.20,32879000,7913112,4107892,3453288,1097384,25824,27044,0
pes,2,2020-05-25 08:57:24 UTC,0.00,0.00,0.00,100937.56,605.88,0.00,129.41,0.00,0.00,0.00,0.00,23543364,42309932,64.25,801632,36506528,10892612,8.20,32879000,7913112,3885892,3453288,1097384,25824,27044,0
pes,1,2020-05-25 08:57:25 UTC,0.00,0.00,0.00,64520.00,839.00,0.00,120.00,0.00,0.00,0.00,0.00,23544744,42308552,64.25,801632,36506824,10892612,8.20,32879068,7913228,3820300,3453268,1097440,25760,27044,0
pes,1,2020-05-25 08:57:26 UTC,0.00,0.00,0.00,96264.00,311.00,0.00,287.00,0.00,0.00,0.00,0.00,23545136,42308160,64.25,801632,36506852,10892612,8.20,32878688,7913248,3724148,3452808,1097408,25648,27044,0
pes,1,2020-05-25 08:57:27 UTC,0.00,0.00,0.00,64532.00,16.00,0.00,114.00,0.00,0.00,0.00,0.00,23545136,42308160,64.25,801632,36506852,10892612,8.20,32878688,7913248,3659600,3452808,1097408,25648,27044,0
pes,3,2020-05-25 08:57:31 UTC,0.00,0.00,0.00,91994.20,143.19,0.00,72.17,0.00,0.00,0.00,0.00,23545136,42308160,64.25,801632,36506852,10892612,8.20,32878688,7913248,3343136,3452808,1097408,25648,27044,0
pes,1,2020-05-25 08:57:32 UTC,0.00,0.00,0.00,36784.00,603.00,0.00,248.00,0.00,0.00,0.00,0.00,23545136,42308160,64.25,801632,36506852,10892612,8.20,32878688,7913248,3306684,3452808,1097408,25648,27044,0
pes,1,2020-05-25 08:57:33 UTC,0.00,0.00,0.00,82008.00,20.00,0.00,128.00,0.00,0.00,0.00,0.00,23545136,42308160,64.25,801632,36506852,10892612,8.20,32878688,7913248,3224956,3452808,1097408,25648,27044,0
pes,1,2020-05-25 08:57:34 UTC,0.00,0.00,0.00,130048.00,49.00,0.00,119.00,0.00,0.00,0.00,0.00,23545136,42308160,64.25,801632,36506852,10892612,8.20,32878688,7913248,3094600,3452808,1097408,25648,27044,0
pes,1,2020-05-25 08:57:35 UTC,0.00,0.00,0.00,95232.00,7.00,0.00,105.00,0.00,0.00,0.00,0.00,23545136,42308160,64.25,801632,36506852,10892612,8.20,32878688,7913248,2999452,3452808,1097408,25648,27044,0
pes,1,2020-05-25 08:57:36 UTC,0.00,0.00,0.00,65536.00,8.00,0.00,114.00,0.00,0.00,0.00,0.00,23545136,42308160,64.25,801632,36506852,10892612,8.20,32878688,7913248,2933796,3452808,1097408,25648,27044,0
pes,1,2020-05-25 08:57:37 UTC,0.00,0.00,0.00,98304.00,43.00,0.00,110.00,0.00,0.00,0.00,0.00,23544688,42308608,64.25,801632,36506852,10892612,8.20,32878688,7913248,2835616,3452808,1097408,25648,27044,0
pes,1,2020-05-25 08:57:38 UTC,0.00,0.00,0.00,65540.00,62.00,0.00,106.00,0.00,0.00,0.00,0.00,23544688,42308608,64.25,801632,36506852,10892612,8.20,32878688,7913248,2769960,3452808,1097408,25648,27044,0
pes,1,2020-05-25 08:57:39 UTC,0.00,0.00,0.00,98396.00,17.00,0.00,112.00,0.00,0.00,0.00,0.00,23544688,42308608,64.25,801632,36506852,10892612,8.20,32878688,7913248,2671764,3452808,1097408,25648,27044,0
pes,7,2020-05-25 08:57:46 UTC,0.00,0.00,0.00,85734.07,33.52,0.00,31.72,0.00,0.00,0.00,0.00,23546280,42307016,64.24,801632,36507148,10892612,8.20,32878996,7913372,2049776,3453024,1097304,25600,27048,0
pes,1,2020-05-25 08:57:47 UTC,0.00,0.00,0.00,98380.00,36.00,0.00,115.00,0.00,0.00,0.00,0.00,23546280,42307016,64.24,801632,36507148,10892612,8.20,32878996,7913372,1951172,3453024,1097304,25600,27048,0
pes,1,2020-05-25 08:57:48 UTC,0.00,0.00,0.00,97280.00,16.00,0.00,112.00,0.00,0.00,0.00,0.00,23546280,42307016,64.24,801632,36507148,10892612,8.20,32878996,7913372,1854024,3453024,1097304,25600,27048,0
pes,1,2020-05-25 08:57:49 UTC,0.00,0.00,0.00,65536.00,41.00,0.00,111.00,0.00,0.00,0.00,0.00,23546280,42307016,64.24,801632,36507148,10892612,8.20,32878996,7913372,1788824,3453024,1097304,25600,27048,0
pes,1,2020-05-25 08:57:50 UTC,0.00,0.00,0.00,98304.00,8.00,0.00,112.00,0.00,0.00,0.00,0.00,23546280,42307016,64.24,801632,36507148,10892612,8.20,32878996,7913372,1690720,3453024,1097304,25600,27048,0
pes,1,2020-05-25 08:57:51 UTC,0.00,0.00,0.00,65536.00,10.00,0.00,108.00,0.00,0.00,0.00,0.00,23546280,42307016,64.24,801632,36507148,10892612,8.20,32878996,7913372,1625520,3453024,1097304,25600,27048,0
pes,1,2020-05-25 08:57:52 UTC,0.00,0.00,0.00,98308.00,41.00,0.00,110.00,0.00,0.00,0.00,0.00,23545752,42307544,64.25,801636,36507144,10892612,8.20,32878996,7913372,1526976,3453024,1097304,25600,27048,0
pes,1,2020-05-25 08:57:53 UTC,0.00,0.00,0.00,61524.00,8.00,0.00,124.00,0.00,0.00,0.00,0.00,23545752,42307544,64.25,801636,36507144,10892612,8.20,32878996,7913372,1465172,3453024,1097304,25600,27048,0
pes,6,2020-05-25 08:57:59 UTC,0.00,0.00,0.00,91354.70,119.51,0.00,119.69,0.00,0.00,0.00,0.00,23546456,42306840,64.24,801640,36507416,10892612,8.20,32879176,7913484,940836,3453136,1097212,25584,27048,0
pes,7,2020-05-25 08:58:06 UTC,0.00,0.00,0.00,87358.95,71.03,0.00,39.30,0.00,0.00,0.00,0.00,23548024,42305272,64.24,801644,36507412,10892612,8.20,32879304,7913504,341664,3453208,1097340,25584,27048,0
pes,3,2020-05-25 08:58:08 UTC,0.00,0.00,0.00,90179.53,24.02,0.00,92.91,0.00,0.00,0.00,0.00,23548472,42304824,64.24,801652,36507404,10892612,8.20,32879304,7913504,112008,3453208,1096892,25584,27048,0
pes,1,2020-05-25 08:58:09 UTC,0.00,0.00,0.00,98304.00,9.00,0.00,107.00,0.00,0.00,0.00,0.00,23548472,42304824,64.24,801652,36507404,10892612,8.20,32879304,7913504,13904,3453208,1096892,25584,27048,0
pes,1,2020-05-25 08:58:10 UTC,0.00,0.00,0.00,13336.00,174.00,0.00,123.00,0.00,0.00,0.00,0.00,23548472,42304824,64.24,801652,36507404,10892612,8.20,32879304,7913504,864,3453208,1096892,25584,27048,0
pes,1,2020-05-25 08:58:11 UTC,0.00,0.00,0.00,88.00,275.00,0.00,221.00,0.00,0.00,0.00,0.00,23548472,42304824,64.24,801652,36507404,10892612,8.20,32879304,7913504,864,3453208,1096892,25584,27048,0
pes,1,2020-05-25 08:58:12 UTC,0.00,0.00,0.00,268.00,130.00,0.00,207.00,0.00,0.00,0.00,0.00,23548472,42304824,64.24,801652,36507404,10892612,8.20,32879304,7913504,864,3453208,1096892,25584,27048,0
pes,1,2020-05-25 08:58:13 UTC,0.00,0.00,0.00,0.00,32034.00,0.00,5918.00,0.00,0.00,0.00,0.00,23448764,42404532,64.39,801652,36507652,11591048,8.72,32974628,7913636,180,3548524,1097008,26368,27680,0
pes,1,2020-05-25 08:58:14 UTC,0.00,0.00,0.00,0.00,32410.00,0.00,2977.00,0.00,0.00,0.00,0.00,23347428,42505868,64.55,801652,36507688,11607452,8.74,33075576,7913648,216,3649692,1097104,26432,28092,0
pes,1,2020-05-25 08:58:15 UTC,0.00,0.00,0.00,32.00,23591.00,0.00,52904.00,0.00,0.00,0.00,0.00,23470800,42382496,64.36,801652,36508340,11580112,8.72,32953044,7914072,876,3527272,1096976,25824,27324,0
pes,1,2020-05-25 08:58:16 UTC,0.00,0.00,0.00,0.00,38554.00,0.00,6183.00,0.00,0.00,0.00,0.00,23347404,42505892,64.55,801652,36508728,11588256,8.72,33073492,7914604,1264,3647756,1097000,26400,28052,0
pes,1,2020-05-25 08:58:17 UTC,0.00,0.00,0.00,324.00,30496.00,0.00,7125.00,0.00,0.00,0.00,0.00,23300692,42552604,64.62,801652,36508756,11435164,8.61,33118892,7914616,1532,3692840,1097012,26480,28184,0
pes,1,2020-05-25 08:58:18 UTC,0.00,0.00,0.00,12.00,18171.00,0.00,2894.00,0.00,0.00,0.00,0.00,23259884,42593412,64.68,801652,36508968,11435164,8.61,33159800,7914796,1764,3734172,1097144,26560,28256,0
pes,1,2020-05-25 08:58:19 UTC,0.00,0.00,0.00,0.00,38494.00,0.00,4040.00,0.00,0.00,0.00,0.00,23191572,42661724,64.78,801652,36509840,12652660,9.52,33223692,7915272,2724,3797704,1097452,26736,28280,0
pes,1,2020-05-25 08:58:20 UTC,0.00,0.00,0.00,0.00,42218.00,0.00,5917.00,0.00,0.00,0.00,0.00,23061488,42791808,64.98,801652,36510012,12660804,9.53,33354604,7915240,2880,3927996,1097324,27424,29080,0
pes,1,2020-05-25 08:58:21 UTC,0.00,0.00,0.00,0.00,41885.00,0.00,4861.00,0.00,0.00,0.00,0.00,22960532,42892764,65.13,801652,36510044,12416332,9.35,33454804,7915248,2912,4028620,1097324,27440,29336,0
pes,1,2020-05-25 08:58:22 UTC,0.00,0.00,0.00,428.00,43957.00,0.00,9594.00,0.00,0.00,0.00,0.00,22860820,42992476,65.29,801652,36510080,12693052,9.55,33556264,7915248,3328,4128692,1097332,27600,29616,0
pes,1,2020-05-25 08:58:23 UTC,0.00,0.00,0.00,0.00,8506.00,0.00,446.00,0.00,0.00,0.00,0.00,22839800,43013496,65.32,801652,36510112,12709292,9.57,33575936,7915260,3360,4149312,1097332,27760,29704,0
pes,1,2020-05-25 08:58:24 UTC,0.00,0.00,0.00,24.00,19670.00,0.00,457.00,0.00,0.00,0.00,0.00,22772700,43080596,65.42,801652,36510152,12759488,9.60,33644168,7915268,3400,4217280,1097332,28512,29868,0
pes,1,2020-05-25 08:58:25 UTC,0.00,0.00,0.00,0.00,2828.00,0.00,1948.00,0.00,0.00,0.00,0.00,22766564,43086732,65.43,801652,36510428,12759488,9.60,33648924,7915496,3676,4222064,1097336,28544,29948,0
pes,1,2020-05-25 08:58:26 UTC,0.00,0.00,0.00,0.00,32847.00,0.00,7854.00,0.00,0.00,0.00,0.00,22734468,43118828,65.48,801652,36510472,13515976,10.17,33673616,7915512,3724,4246628,1097336,28544,29956,0
pes,1,2020-05-25 08:58:27 UTC,0.00,0.00,0.00,444.00,165434.00,0.00,14043.00,0.00,0.00,0.00,0.00,22141600,43711696,66.38,801652,36511224,14948404,11.25,34258704,7915984,4740,4831680,1098984,33568,33704,0
pes,1,2020-05-25 08:58:28 UTC,0.00,0.00,0.00,0.00,169863.00,0.00,47490.00,0.00,0.00,0.00,0.00,21907640,43945656,66.73,801652,36511608,14834348,11.17,34488884,7916300,5124,5061276,1100308,34032,34596,0
pes,1,2020-05-25 08:58:29 UTC,0.00,0.00,0.00,0.00,224062.00,0.00,18076.00,0.00,0.00,0.00,0.00,21210252,44643044,67.79,801652,36512784,15144380,11.40,35181144,7917392,6300,5754628,1100540,34480,35388,0
pes,1,2020-05-25 08:58:30 UTC,0.00,0.00,0.00,0.00,6902.00,0.00,4983.00,0.00,0.00,0.00,0.00,21212652,44640644,67.79,801652,36512836,15152528,11.40,35178408,7917436,6352,5750848,1100628,34656,36240,0
pes,1,2020-05-25 08:58:31 UTC,0.00,0.00,0.00,0.00,54331.00,0.00,11522.00,0.00,0.00,0.00,0.00,21205232,44648064,67.80,801652,36512864,15160824,11.41,35185452,7917408,6380,5757912,1100856,34656,36244,0
pes,1,2020-05-25 08:58:32 UTC,0.00,0.00,0.00,220.00,92113.00,0.00,19301.00,0.00,0.00,0.00,0.00,21205380,44647916,67.80,801652,36512892,15160824,11.41,35184340,7917420,6452,5756868,1100856,34688,36252,0
pes,1,2020-05-25 08:58:33 UTC,0.00,0.00,0.00,0.00,104720.00,0.00,4144.00,0.00,0.00,0.00,0.00,21205476,44647820,67.80,801652,36512996,15160824,11.41,35186596,7917428,6556,5758944,1100892,34656,36256,0
pes,1,2020-05-25 08:58:34 UTC,0.00,0.00,0.00,0.00,121739.00,0.00,7922.00,0.00,0.00,0.00,0.00,21177876,44675420,67.84,801652,36513296,15160824,11.41,35212824,7917440,6856,5784840,1100904,34656,36288,0
pes,1,2020-05-25 08:58:35 UTC,0.00,0.00,0.00,0.00,58082.00,0.00,3316.00,0.00,0.00,0.00,0.00,21178156,44675140,67.84,801652,36513616,15160824,11.41,35213548,7917480,7176,5785236,1100720,34640,36320,0
pes,1,2020-05-25 08:58:36 UTC,0.00,0.00,0.00,0.00,42481.00,0.00,5846.00,0.00,0.00,0.00,0.00,21178324,44674972,67.84,801652,36513644,15160824,11.41,35213452,7917476,7204,5785092,1100816,34624,36320,0
pes,1,2020-05-25 08:58:37 UTC,0.00,0.00,0.00,60.00,48084.00,0.00,1443.00,0.00,0.00,0.00,0.00,21182352,44670944,67.83,801652,36513672,15160824,11.41,35208884,7917484,7244,5780492,1100784,34624,36316,0
pes,1,2020-05-25 08:58:38 UTC,0.00,0.00,0.00,0.00,51477.00,0.00,4187.00,0.00,0.00,0.00,0.00,21182696,44670600,67.83,801652,36513900,15160824,11.41,35209692,7917492,7472,5781268,1100792,34624,36316,0
pes,1,2020-05-25 08:58:39 UTC,0.00,0.00,0.00,0.00,70298.00,0.00,8871.00,0.00,0.00,0.00,0.00,21178540,44674756,67.84,801652,36514360,15160824,11.41,35213996,7917532,7932,5785040,1100860,34592,36324,0
pes,1,2020-05-25 08:58:40 UTC,0.00,0.00,0.00,112.00,40262.00,0.00,6838.00,0.00,0.00,0.00,0.00,21178864,44674432,67.84,801652,36514396,15160824,11.41,35213624,7917552,7872,5784584,1100716,34528,36324,0
pes,1,2020-05-25 08:58:41 UTC,0.00,0.00,0.00,0.00,56359.00,0.00,4266.00,0.00,0.00,0.00,0.00,21178360,44674936,67.84,801652,36514424,15160824,11.41,35214848,7917564,7932,5785900,1100716,34528,36324,0
pes,1,2020-05-25 08:58:42 UTC,0.00,0.00,0.00,80.00,34604.00,0.00,8274.00,0.00,0.00,0.00,0.00,21181788,44671508,67.83,801652,36514452,15160824,11.41,35210592,7917572,7964,5781644,1100828,34512,36324,0
pes,1,2020-05-25 08:58:43 UTC,0.00,0.00,0.00,0.00,79752.00,0.00,6016.00,0.00,0.00,0.00,0.00,21179172,44674124,67.84,801652,36514936,15160824,11.41,35213708,7917596,8464,5784368,1100836,34512,36324,0
pes,1,2020-05-25 08:58:44 UTC,0.00,0.00,0.00,0.00,117255.00,0.00,1574.00,0.00,0.00,0.00,0.00,21176916,44676380,67.84,801652,36515140,15160824,11.41,35215572,7917616,8668,5785964,1100884,34512,36324,0
pes,1,2020-05-25 08:58:45 UTC,0.00,0.00,0.00,1100.00,15874.00,0.00,1240.00,0.00,0.00,0.00,0.00,21175824,44677472,67.84,801652,36515140,15160824,11.41,35215088,7917604,8016,5785428,1100980,34512,36324,0
pes,1,2020-05-25 08:58:46 UTC,0.00,0.00,0.00,0.00,16127.00,0.00,252.00,0.00,0.00,0.00,0.00,21175296,44678000,67.84,801652,36515140,15160824,11.41,35215088,7917604,8016,5785428,1100980,34512,36324,0
pes,1,2020-05-25 08:58:47 UTC,0.00,0.00,0.00,140.00,26617.00,0.00,1541.00,0.00,0.00,0.00,0.00,21177312,44675984,67.84,801652,36515348,15160824,11.41,35214604,7917636,7808,5784956,1101128,34512,36324,0
pes,1,2020-05-25 08:58:48 UTC,0.00,0.00,0.00,0.00,27209.00,0.00,710.00,0.00,0.00,0.00,0.00,21176124,44677172,67.84,801652,36515788,15160824,11.41,35215156,7917668,8280,5784872,1101380,34512,36328,0
pes,1,2020-05-25 08:58:49 UTC,0.00,0.00,0.00,0.00,78365.00,0.00,1910.00,0.00,0.00,0.00,0.00,21177188,44676108,67.84,801652,36515920,15160824,11.41,35215008,7917688,8416,5784668,1101596,34512,36328,0
pes,1,2020-05-25 08:58:50 UTC,0.00,0.00,0.00,2328.00,39756.00,0.00,550.00,0.00,0.00,0.00,0.00,21176988,44676308,67.84,801652,36516060,15160824,11.41,35215408,7917688,6236,5784896,1101988,34512,36328,0
pes,1,2020-05-25 08:58:51 UTC,0.00,0.00,0.00,0.00,37486.00,0.00,209.00,0.00,0.00,0.00,0.00,21177244,44676052,67.84,801652,36516096,15160824,11.41,35215960,7917708,6288,5785412,1101860,34512,36328,0
pes,1,2020-05-25 08:58:52 UTC,0.00,0.00,0.00,304.00,102190.00,0.00,930.00,0.00,0.00,0.00,0.00,21177344,44675952,67.84,801652,36516536,15160824,11.41,35215644,7917732,6812,5784812,1101836,34512,36328,0
pes,1,2020-05-25 08:58:53 UTC,0.00,0.00,0.00,0.00,31776.00,0.00,1818.00,0.00,0.00,0.00,0.00,21176792,44676504,67.84,801652,36516584,15160824,11.41,35216004,7917732,6872,5785152,1101928,34512,36328,0
pes,1,2020-05-25 08:58:54 UTC,0.00,0.00,0.00,0.00,20129.00,0.00,309.00,0.00,0.00,0.00,0.00,21177476,44675820,67.84,801652,36516720,15160824,11.41,35216256,7917748,7008,5785356,1101904,34512,36328,0
pes,1,2020-05-25 08:58:55 UTC,0.00,0.00,0.00,232.00,60381.00,0.00,1797.00,0.00,0.00,0.00,0.00,21178980,44674316,67.84,801652,36516856,15160824,11.41,35215592,7917748,7144,5784504,1101840,34528,36328,0
pes,1,2020-05-25 08:58:56 UTC,0.00,0.00,0.00,4.00,45170.00,0.00,1816.00,0.00,0.00,0.00,0.00,21166728,44686568,67.86,801652,36516552,15169276,11.42,35227580,7917772,6612,5796484,1101820,34512,36328,0
pes,1,2020-05-25 08:58:57 UTC,0.00,0.00,0.00,220.00,53627.00,0.00,75064.00,0.00,0.00,0.00,0.00,21424484,44428812,67.47,801652,36516540,15112812,11.37,34968136,7917556,6648,5537316,1101772,33584,35280,0
pes,1,2020-05-25 08:58:58 UTC,0.00,0.00,0.00,64.00,87167.00,0.00,147007.00,0.00,0.00,0.00,0.00,21837048,44016248,66.84,801652,36514728,14322588,10.78,34556528,7917620,5480,5127520,1102156,33552,34348,0
pes,1,2020-05-25 08:58:59 UTC,0.00,0.00,0.00,64.00,105175.00,0.00,157539.00,0.00,0.00,0.00,0.00,22286332,43566964,66.16,801672,36513884,14522200,10.93,34107376,7916832,4008,4677932,1101712,31680,32304,0
pes,1,2020-05-25 08:59:00 UTC,0.00,0.00,0.00,616.00,130928.00,0.00,18565.00,0.00,0.00,0.00,0.00,21890092,43963204,66.76,801672,36514184,14992996,11.28,34502192,7916988,3656,5072632,1101996,33232,34192,0
pes,1,2020-05-25 08:59:01 UTC,0.00,0.00,0.00,0.00,120978.00,0.00,23654.00,0.00,0.00,0.00,0.00,21660800,44192496,67.11,801676,36514312,14878000,11.20,34727312,7917516,3800,5298744,1102804,34272,35164,0
pes,1,2020-05-25 08:59:02 UTC,0.00,0.00,0.00,496.00,151995.00,0.00,86950.00,0.00,0.00,0.00,0.00,21557428,44295868,67.26,801676,36514544,15026372,11.31,34831728,7917700,4340,5403076,1103452,33920,35016,0
pes,1,2020-05-25 08:59:03 UTC,0.00,0.00,0.00,0.00,72454.00,0.00,9075.00,0.00,0.00,0.00,0.00,21357032,44496264,67.57,801676,36514700,15125964,11.38,35031916,7917796,4668,5602636,1103532,34576,35928,0
pes,1,2020-05-25 08:59:04 UTC,0.00,0.00,0.00,0.00,84785.00,0.00,28171.00,0.00,0.00,0.00,0.00,21317000,44536296,67.63,801676,36514980,15067428,11.34,35071680,7918032,4952,5642896,1103124,34672,36064,0
pes,1,2020-05-25 08:59:05 UTC,0.00,0.00,0.00,0.00,124843.00,0.00,21588.00,0.00,0.00,0.00,0.00,21207920,44645376,67.80,801676,36515020,15142700,11.40,35181880,7918060,4996,5752840,1102948,34768,36296,0
pes,1,2020-05-25 08:59:06 UTC,0.00,0.00,0.00,0.00,99547.00,0.00,6892.00,0.00,0.00,0.00,0.00,21200912,44652384,67.81,801676,36515152,15159224,11.41,35188664,7918064,5140,5759084,1102948,34768,36304,0
pes,1,2020-05-25 08:59:07 UTC,0.00,0.00,0.00,216.00,83063.00,0.00,4600.00,0.00,0.00,0.00,0.00,21188752,44664544,67.82,801676,36515448,15159224,11.41,35200276,7918088,5436,5771060,1102920,34752,36328,0
pes,1,2020-05-25 08:59:08 UTC,0.00,0.00,0.00,0.00,32494.00,0.00,5860.00,0.00,0.00,0.00,0.00,21187508,44665788,67.83,801676,36515628,15159224,11.41,35200404,7918088,5620,5770724,1102984,34752,36340,0
pes,1,2020-05-25 08:59:09 UTC,0.00,0.00,0.00,0.00,11709.00,0.00,2794.00,0.00,0.00,0.00,0.00,21188260,44665036,67.83,801676,36515660,15159224,11.41,35200312,7918104,5652,5770672,1102984,34752,36344,0
pes,1,2020-05-25 08:59:10 UTC,0.00,0.00,0.00,1208.00,18178.00,0.00,1768.00,0.00,0.00,0.00,0.00,21186584,44666712,67.83,801676,36515900,15159224,11.41,35202488,7918124,4632,5772688,1102984,34736,36352,0
pes,1,2020-05-25 08:59:11 UTC,0.00,0.00,0.00,0.00,20710.00,0.00,2013.00,0.00,0.00,0.00,0.00,21185584,44667712,67.83,801676,36516020,15159224,11.41,35203532,7918132,4760,5773604,1102956,34736,36352,0
pes,1,2020-05-25 08:59:12 UTC,0.00,0.00,0.00,84.00,34117.00,0.00,6766.00,0.00,0.00,0.00,0.00,21185888,44667408,67.83,801676,36516168,15167448,11.42,35202828,7918144,4916,5772704,1103036,34688,36352,0
pes,1,2020-05-25 08:59:13 UTC,0.00,0.00,0.00,0.00,77988.00,0.00,23211.00,0.00,0.00,0.00,0.00,21185964,44667332,67.83,801676,36516412,15167448,11.42,35203576,7918168,5232,5773176,1103040,34672,36356,0
pes,1,2020-05-25 08:59:14 UTC,0.00,0.00,0.00,0.00,97738.00,0.00,19624.00,0.00,0.00,0.00,0.00,21187684,44665612,67.83,801676,36516544,15167448,11.42,35201176,7918168,5364,5770644,1102944,34672,36356,0
pes,1,2020-05-25 08:59:15 UTC,0.00,0.00,0.00,20.00,54103.00,0.00,2853.00,0.00,0.00,0.00,0.00,21185244,44668052,67.83,801676,36516684,15167448,11.42,35203824,7918188,5492,5773444,1102932,34656,36364,0
pes,1,2020-05-25 08:59:16 UTC,0.00,0.00,0.00,0.00,40302.00,0.00,7544.00,0.00,0.00,0.00,0.00,21183804,44669492,67.83,801676,36516856,15167448,11.42,35205212,7918200,5676,5774088,1102936,34640,36364,0
pes,1,2020-05-25 08:59:17 UTC,0.00,0.00,0.00,88.00,81135.00,0.00,1123.00,0.00,0.00,0.00,0.00,21185236,44668060,67.83,801676,36516948,15167448,11.42,35204204,7918208,5768,5773336,1102936,34640,36364,0
pes,1,2020-05-25 08:59:18 UTC,0.00,0.00,0.00,0.00,108752.00,0.00,11714.00,0.00,0.00,0.00,0.00,21185288,44668008,67.83,801676,36517188,15167448,11.42,35203324,7918232,6040,5772244,1103004,34640,36364,0
pes,1,2020-05-25 08:59:19 UTC,0.00,0.00,0.00,0.00,60167.00,0.00,4507.00,0.00,0.00,0.00,0.00,21185516,44667780,67.83,801676,36517424,15167448,11.42,35204328,7918248,6344,5773088,1103100,34608,36364,0
pes,1,2020-05-25 08:59:20 UTC,0.00,0.00,0.00,1088.00,108688.00,0.00,12733.00,0.00,0.00,0.00,0.00,21184444,44668852,67.83,801676,36517568,15167448,11.42,35205364,7918272,5408,5773932,1103168,34592,36364,0
pes,1,2020-05-25 08:59:21 UTC,0.00,0.00,0.00,0.00,77104.00,0.00,7745.00,0.00,0.00,0.00,0.00,21185252,44668044,67.83,801676,36517704,15167448,11.42,35205352,7918288,5576,5773776,1103284,34592,36364,0
pes,1,2020-05-25 08:59:22 UTC,0.00,0.00,0.00,156.00,65256.00,0.00,980.00,0.00,0.00,0.00,0.00,21184828,44668468,67.83,801676,36517840,15167448,11.42,35205752,7918300,5716,5774020,1103156,34592,36364,0
pes,1,2020-05-25 08:59:23 UTC,0.00,0.00,0.00,0.00,46969.00,0.00,7340.00,0.00,0.00,0.00,0.00,21183044,44670252,67.83,801676,36518156,15167448,11.42,35207420,7918304,6096,5775476,1103176,34592,36368,0
pes,1,2020-05-25 08:59:24 UTC,0.00,0.00,0.00,0.00,13688.00,0.00,1172.00,0.00,0.00,0.00,0.00,21183456,44669840,67.83,801676,36518316,15167448,11.42,35206728,7918320,6256,5774648,1103224,34608,36368,0
pes,1,2020-05-25 08:59:25 UTC,0.00,0.00,0.00,80.00,1178.00,0.00,287.00,0.00,0.00,0.00,0.00,21184308,44668988,67.83,801676,36518452,15167448,11.42,35206952,7918320,6312,5774800,1103052,34608,36368,0
pes,1,2020-05-25 08:59:26 UTC,0.00,0.00,0.00,0.00,14723.00,0.00,1092.00,0.00,0.00,0.00,0.00,21184564,44668732,67.83,801676,36518488,15167448,11.42,35207416,7918352,6356,5775212,1103052,34608,36368,0
pes,1,2020-05-25 08:59:27 UTC,0.00,0.00,0.00,96.00,27770.00,0.00,1233.00,0.00,0.00,0.00,0.00,21184432,44668864,67.83,801676,36518736,15167448,11.42,35206844,7918368,6608,5774324,1103060,34560,36368,0
pes,1,2020-05-25 08:59:28 UTC,0.00,0.00,0.00,0.00,82178.00,0.00,7674.00,0.00,0.00,0.00,0.00,21179312,44673984,67.84,801676,36518444,15167448,11.42,35211508,7918376,6320,5779120,1103064,34608,36368,0
pes,1,2020-05-25 08:59:29 UTC,0.00,0.00,0.00,32.00,76639.00,0.00,68606.00,0.00,0.00,0.00,0.00,21431772,44421524,67.46,801676,36518292,15095504,11.36,34957636,7918112,6168,5524804,1102908,33632,35312,0
pes,1,2020-05-25 08:59:30 UTC,0.00,0.00,0.00,1076.00,56800.00,0.00,2886.00,0.00,0.00,0.00,0.00,21335468,44517828,67.60,801676,36518552,15111844,11.37,35053240,7918224,5352,5620984,1103020,34384,35984,0
pes,1,2020-05-25 08:59:31 UTC,0.00,0.00,0.00,0.00,92344.00,0.00,11378.00,0.00,0.00,0.00,0.00,21294828,44558468,67.66,801676,36518176,15075108,11.35,35093424,7918228,5044,5661340,1103316,34480,36084,0
pes,1,2020-05-25 08:59:32 UTC,0.00,0.00,0.00,452.00,64279.00,0.00,75482.00,0.00,0.00,0.00,0.00,21421580,44431716,67.47,801676,36517840,15109160,11.37,34965268,7918152,4812,5533396,1103552,33664,35212,0
pes,1,2020-05-25 08:59:33 UTC,0.00,0.00,0.00,32.00,54074.00,0.00,144958.00,0.00,0.00,0.00,0.00,21841868,44011428,66.83,801676,36517168,15013968,11.30,34544940,7917980,4376,5115000,1103752,33504,34256,0
pes,1,2020-05-25 08:59:34 UTC,0.00,0.00,0.00,0.00,150577.00,0.00,35967.00,0.00,0.00,0.00,0.00,21603664,44249632,67.19,801676,36516168,15035356,11.32,34786948,7917944,3368,5357012,1104476,34256,35260,0
pes,1,2020-05-25 08:59:35 UTC,0.00,0.00,0.00,956.00,88794.00,0.00,165493.00,0.00,0.00,0.00,0.00,22029916,43823380,66.55,801680,36515868,14823920,11.16,34358168,7918768,2424,4929872,1103720,32576,33468,0
pes,1,2020-05-25 08:59:36 UTC,0.00,0.00,0.00,0.00,135349.00,0.00,9619.00,0.00,0.00,0.00,0.00,21614736,44238560,67.18,801680,36516548,15015224,11.30,34772620,7919316,2888,5343424,1103888,34368,35284,0
pes,1,2020-05-25 08:59:37 UTC,0.00,0.00,0.00,468.00,80881.00,0.00,23967.00,0.00,0.00,0.00,0.00,21532300,44320996,67.30,801680,36516932,14962692,11.26,34855912,7919552,3280,5426636,1103776,34544,35580,0
pes,1,2020-05-25 08:59:38 UTC,0.00,0.00,0.00,0.00,93957.00,0.00,9845.00,0.00,0.00,0.00,0.00,21307812,44545484,67.64,801680,36517220,15114420,11.38,35080384,7919796,3812,5651044,1103520,34752,36092,0
pes,1,2020-05-25 08:59:39 UTC,0.00,0.00,0.00,0.00,27888.00,0.00,4155.00,0.00,0.00,0.00,0.00,21306584,44546712,67.65,801680,36517248,15123476,11.38,35081104,7919808,3840,5651460,1103556,34752,36096,0
pes,1,2020-05-25 08:59:40 UTC,0.00,0.00,0.00,92.00,81532.00,0.00,11840.00,0.00,0.00,0.00,0.00,21305868,44547428,67.65,801680,36517280,15123476,11.38,35082820,7919824,3804,5653792,1103556,34752,36096,0
pes,1,2020-05-25 08:59:41 UTC,0.00,0.00,0.00,0.00,96673.00,0.00,15412.00,0.00,0.00,0.00,0.00,21302212,44551084,67.65,801680,36517516,15123476,11.38,35086196,7919848,4068,5656364,1103604,34752,36120,0
pes,1,2020-05-25 08:59:42 UTC,0.00,0.00,0.00,76.00,52121.00,0.00,1454.00,0.00,0.00,0.00,0.00,21297772,44555524,67.66,801680,36517612,15123476,11.38,35089572,7919860,4172,5659844,1103604,34736,36132,0
pes,1,2020-05-25 08:59:43 UTC,0.00,0.00,0.00,0.00,93685.00,0.00,8435.00,0.00,0.00,0.00,0.00,21288104,44565192,67.67,801680,36517892,15123476,11.38,35100316,7919876,4460,5670164,1103604,34720,36152,0
pes,1,2020-05-25 08:59:44 UTC,0.00,0.00,0.00,0.00,47444.00,0.00,4860.00,0.00,0.00,0.00,0.00,21283128,44570168,67.68,801680,36517924,15123476,11.38,35105024,7919884,4492,5674888,1103460,34720,36164,0
pes,1,2020-05-25 08:59:45 UTC,0.00,0.00,0.00,548.00,7337.00,0.00,957.00,0.00,0.00,0.00,0.00,21283708,44569588,67.68,801680,36517924,15123476,11.38,35104276,7919880,3892,5674160,1103460,34720,36164,0
pes,1,2020-05-25 08:59:46 UTC,0.00,0.00,0.00,0.00,24208.00,0.00,8314.00,0.00,0.00,0.00,0.00,21280564,44572732,67.68,801680,36518072,15123476,11.38,35106388,7919900,4048,5676192,1103460,34720,36164,0
pes,1,2020-05-25 08:59:47 UTC,3.00,0.00,12.00,144.00,53237.00,2.00,8022.00,0.00,0.00,0.00,0.00,21274580,44578716,67.69,801680,36518424,15123476,11.38,35113644,7919944,4424,5683044,1103432,34688,35996,0
pes,1,2020-05-25 08:59:48 UTC,0.00,0.00,0.00,256.00,13580.00,0.00,3916.00,0.00,0.00,0.00,0.00,21271532,44581764,67.70,801680,36518544,15125836,11.38,35114908,7919952,4724,5684052,1103276,34656,35748,0
pes,1,2020-05-25 08:59:49 UTC,0.00,0.00,0.00,0.00,21021.00,0.00,2118.00,0.00,0.00,0.00,0.00,21271880,44581416,67.70,801680,36518568,15125836,11.38,35115048,7919960,4752,5684316,1103180,34656,35748,0
pes,1,2020-05-25 08:59:50 UTC,0.00,0.00,0.00,92.00,33139.00,0.00,12245.00,0.00,0.00,0.00,0.00,21271964,44581332,67.70,801680,36518712,15125836,11.38,35116760,7919988,4812,5686028,1103180,34656,35752,0
pes,1,2020-05-25 08:59:51 UTC,0.00,0.00,0.00,0.00,10111.00,0.00,1838.00,0.00,0.00,0.00,0.00,21272628,44580668,67.70,801680,36518752,15125836,11.38,35115388,7920004,4856,5684652,1103212,34656,35752,0
pes,1,2020-05-25 08:59:52 UTC,0.00,0.00,0.00,0.00,42859.00,0.00,4862.00,0.00,0.00,0.00,0.00,21271924,44581372,67.70,801680,36519192,15125836,11.38,35116864,7920020,5304,5685708,1103216,34656,35752,0
pes,1,2020-05-25 08:59:53 UTC,0.00,0.00,0.00,156.00,78235.00,0.00,1430.00,0.00,0.00,0.00,0.00,21271488,44581808,67.70,801680,36519220,15125836,11.38,35117108,7920024,5376,5685868,1103188,34656,35752,0
pes,1,2020-05-25 08:59:54 UTC,0.00,0.00,0.00,0.00,38797.00,0.00,1912.00,0.00,0.00,0.00,0.00,21271336,44581960,67.70,801680,36519248,15125836,11.38,35117312,7920048,5404,5686068,1103204,34656,35752,0
pes,1,2020-05-25 08:59:55 UTC,0.00,0.00,0.00,1060.00,44986.00,0.00,5931.00,0.00,0.00,0.00,0.00,21270640,44582656,67.70,801680,36519384,15125836,11.38,35117860,7920072,4888,5686432,1103204,34672,35752,0
pes,1,2020-05-25 08:59:56 UTC,0.00,0.00,0.00,0.00,50980.00,0.00,6116.00,0.00,0.00,0.00,0.00,21271084,44582212,67.70,801680,36519620,15125836,11.38,35116876,7920084,4724,5685224,1103204,34672,35748,0
pes,1,2020-05-25 08:59:57 UTC,0.00,0.00,0.00,0.00,33311.00,0.00,986.00,0.00,0.00,0.00,0.00,21271832,44581464,67.70,801680,36519864,15125836,11.38,35118448,7920104,4968,5686604,1103348,34672,35748,0
pes,1,2020-05-25 08:59:58 UTC,0.00,0.00,0.00,96.00,25830.00,0.00,4229.00,0.00,0.00,0.00,0.00,21271376,44581920,67.70,801680,36519896,15125836,11.38,35119088,7920116,5004,5686836,1103348,34672,35748,0
pes,1,2020-05-25 08:59:59 UTC,0.00,0.00,0.00,0.00,51231.00,0.00,1189.00,0.00,0.00,0.00,0.00,21271608,44581688,67.70,801680,36520028,15125836,11.38,35119564,7920132,5148,5687644,1103268,34672,35748,0
pes,1,2020-05-25 09:00:00 UTC,0.00,0.00,0.00,192.00,51455.00,0.00,2707.00,0.00,0.00,0.00,0.00,21270876,44582420,67.70,801680,36520280,15125836,11.38,35119148,7920148,5208,5686976,1103300,34672,35748,0
pes,1,2020-05-25 09:00:01 UTC,0.00,0.00,0.00,0.00,5216.00,0.00,552.00,0.00,0.00,0.00,0.00,21270760,44582536,67.70,801680,36520444,15125836,11.38,35119572,7920160,5416,5687176,1103268,34656,35748,0
pes,1,2020-05-25 09:00:02 UTC,0.00,0.00,0.00,104.00,40319.00,0.00,71242.00,0.00,0.00,0.00,0.00,21536212,44317084,67.30,801680,36520064,14725008,11.08,34854880,7920236,4940,5422532,1103124,34656,35108,0
pes,1,2020-05-25 09:00:03 UTC,0.00,0.00,0.00,248.00,46827.00,0.00,1805.00,0.00,0.00,0.00,0.00,21533476,44319820,67.30,801680,36519868,14964176,11.26,34857788,7919948,4816,5425544,1102868,33696,34680,0
pes,1,2020-05-25 09:00:04 UTC,0.00,0.00,0.00,0.00,43317.00,0.00,3410.00,0.00,0.00,0.00,0.00,21426280,44427016,67.46,801680,36519472,15062984,11.34,34963724,7920036,4464,5532128,1102940,34464,35312,0
pes,1,2020-05-25 09:00:05 UTC,0.00,0.00,0.00,1384.00,86708.00,0.00,78248.00,0.00,0.00,0.00,0.00,21654820,44198476,67.12,801680,36519736,14855032,11.18,34738128,7920156,3352,5306036,1102776,34096,34792,0
pes,1,2020-05-25 09:00:06 UTC,0.00,0.00,0.00,0.00,99673.00,0.00,15295.00,0.00,0.00,0.00,0.00,21426060,44427236,67.46,801680,36519288,15043076,11.32,34966992,7920212,3268,5534516,1102852,34400,35088,0
pes,1,2020-05-25 09:00:07 UTC,0.00,0.00,0.00,272.00,65079.00,0.00,148694.00,0.00,0.00,0.00,0.00,21919104,43934192,66.72,801680,36518972,14652576,11.03,34472276,7920392,2732,5041864,1102760,33824,33860,0
pes,1,2020-05-25 09:00:08 UTC,0.00,0.00,0.00,568.00,114090.00,0.00,13013.00,0.00,0.00,0.00,0.00,21601540,44251756,67.20,801680,36518852,15004428,11.29,34788852,7920252,2632,5358380,1102644,34304,34884,0
pes,1,2020-05-25 09:00:09 UTC,0.00,0.00,0.00,0.00,102833.00,0.00,28737.00,0.00,0.00,0.00,0.00,21517912,44335384,67.32,801680,36518628,14914060,11.23,34869336,7920472,2692,5439192,1102816,34512,35204,0
pes,1,2020-05-25 09:00:10 UTC,0.00,0.00,0.00,288.00,91223.00,0.00,78451.00,0.00,0.00,0.00,0.00,21557892,44295404,67.26,801680,36518596,14664580,11.04,34832808,7920536,2888,5403120,1102548,33728,34676,0
pes,1,2020-05-25 09:00:11 UTC,0.00,0.00,0.00,0.00,83263.00,0.00,16350.00,0.00,0.00,0.00,0.00,21447804,44405492,67.43,801680,36518828,15053808,11.33,34940732,7920608,2960,5510512,1102636,34528,35308,0
pes,1,2020-05-25 09:00:12 UTC,0.00,0.00,0.00,0.00,95395.00,0.00,18668.00,0.00,0.00,0.00,0.00,21408596,44444700,67.49,801680,36518888,15012820,11.30,34978284,7920628,3020,5547644,1102860,34608,35484,0
pes,1,2020-05-25 09:00:13 UTC,0.00,0.00,0.00,308.00,94081.00,0.00,17571.00,0.00,0.00,0.00,0.00,21289124,44564172,67.67,801680,36519168,15082624,11.35,35097492,7920876,3308,5667152,1103068,34720,35748,0
pes,1,2020-05-25 09:00:14 UTC,0.00,0.00,0.00,0.00,18541.00,0.00,2360.00,0.00,0.00,0.00,0.00,21290052,44563244,67.67,801680,36519300,15082624,11.35,35098188,7920892,3488,5667924,1103068,34720,35764,0
pes,1,2020-05-25 09:00:15 UTC,0.00,0.00,0.00,20.00,42340.00,0.00,5392.00,0.00,0.00,0.00,0.00,21278772,44574524,67.69,801680,36519348,15082624,11.35,35110496,7920888,3516,5680004,1103104,34720,35780,0
pes,1,2020-05-25 09:00:16 UTC,0.00,0.00,0.00,0.00,30988.00,0.00,2496.00,0.00,0.00,0.00,0.00,21281296,44572000,67.68,801680,36519676,15082624,11.35,35108048,7920916,3860,5677152,1103120,34704,35776,0
pes,1,2020-05-25 09:00:17 UTC,0.00,0.00,0.00,0.00,56774.00,0.00,6254.00,0.00,0.00,0.00,0.00,21280192,44573104,67.69,801680,36519816,15082624,11.35,35107560,7920928,4004,5676628,1102880,34704,35776,0
pes,1,2020-05-25 09:00:18 UTC,0.00,0.00,0.00,120.00,61611.00,0.00,4414.00,0.00,0.00,0.00,0.00,21282236,44571060,67.68,801680,36519844,15091216,11.36,35106880,7920936,4100,5675756,1102880,34688,35772,0
pes,1,2020-05-25 09:00:19 UTC,0.00,0.00,0.00,0.00,26470.00,0.00,1808.00,0.00,0.00,0.00,0.00,21281936,44571360,67.68,801680,36519972,15091216,11.36,35106736,7920948,4284,5675520,1102916,34688,35772,0
pes,1,2020-05-25 09:00:20 UTC,0.00,0.00,0.00,608.00,22049.00,0.00,2532.00,0.00,0.00,0.00,0.00,21274572,44578724,67.69,801680,36520128,15091216,11.36,35114944,7920956,4440,5683188,1102972,34688,35784,0
pes,1,2020-05-25 09:00:21 UTC,0.00,0.00,0.00,0.00,111009.00,0.00,10093.00,0.00,0.00,0.00,0.00,21271188,44582108,67.70,801680,36520352,15099252,11.36,35117108,7920980,4000,5685524,1103068,34656,35784,0
pes,1,2020-05-25 09:00:22 UTC,0.00,0.00,0.00,0.00,60929.00,0.00,7396.00,0.00,0.00,0.00,0.00,21270644,44582652,67.70,801680,36520488,15099252,11.36,35118004,7920996,4144,5686376,1103036,34656,35792,0
pes,1,2020-05-25 09:00:23 UTC,0.00,0.00,0.00,108.00,29071.00,0.00,6007.00,0.00,0.00,0.00,0.00,21272368,44580928,67.70,801680,36520488,15099252,11.36,35116656,7920996,4144,5685136,1102908,34656,35792,0
pes,1,2020-05-25 09:00:24 UTC,0.00,0.00,0.00,0.00,36055.00,0.00,4276.00,0.00,0.00,0.00,0.00,21272772,44580524,67.70,801680,36520708,15099252,11.36,35116540,7921012,4460,5684480,1102908,34640,35792,0
pes,1,2020-05-25 09:00:25 UTC,0.00,0.00,0.00,0.00,74523.00,0.00,5363.00,0.00,0.00,0.00,0.00,21272280,44581016,67.70,801680,36520892,15099252,11.36,35118076,7921016,4644,5686212,1102820,34656,35792,0
pes,1,2020-05-25 09:00:26 UTC,0.00,0.00,0.00,0.00,60854.00,0.00,4797.00,0.00,0.00,0.00,0.00,21272296,44581000,67.70,801680,36521128,15099252,11.36,35117656,7921060,4884,5685600,1102820,34656,35792,0
pes,1,2020-05-25 09:00:27 UTC,0.00,0.00,0.00,0.00,55799.00,0.00,11466.00,0.00,0.00,0.00,0.00,21272736,44580560,67.70,801680,36521160,15099252,11.36,35118060,7921076,4916,5685944,1102820,34656,35792,0
pes,1,2020-05-25 09:00:28 UTC,0.00,0.00,0.00,0.00,107455.00,0.00,8068.00,0.00,0.00,0.00,0.00,21272188,44581108,67.70,801680,36521404,15099252,11.36,35118604,7921080,5160,5686188,1102820,34656,35792,0
pes,1,2020-05-25 09:00:29 UTC,0.00,0.00,0.00,88.00,9331.00,0.00,654.00,0.00,0.00,0.00,0.00,21272924,44580372,67.70,801680,36521432,15099252,11.36,35117696,7921084,5212,5685284,1102820,34656,35792,0
pes,1,2020-05-25 09:00:30 UTC,0.00,0.00,0.00,1060.00,62120.00,0.00,991.00,0.00,0.00,0.00,0.00,21271964,44581332,67.70,801680,36521776,15099252,11.36,35118328,7921108,4904,5685596,1102832,34656,35792,0
pes,1,2020-05-25 09:00:31 UTC,0.00,0.00,0.00,0.00,18029.00,0.00,740.00,0.00,0.00,0.00,0.00,21271816,44581480,67.70,801680,36521804,15099252,11.36,35119280,7921128,4532,5686472,1102832,34656,35792,0
pes,1,2020-05-25 09:00:32 UTC,0.00,0.00,0.00,0.00,43813.00,0.00,802.00,0.00,0.00,0.00,0.00,21271888,44581408,67.70,801680,36521948,15099252,11.36,35119792,7921144,4684,5686916,1102864,34672,35792,0
pes,1,2020-05-25 09:00:33 UTC,0.00,0.00,0.00,0.00,11329.00,0.00,497.00,0.00,0.00,0.00,0.00,21271424,44581872,67.70,801680,36522056,15099252,11.36,35120156,7921152,4792,5687200,1102864,34672,35792,0
pes,1,2020-05-25 09:00:34 UTC,0.00,0.00,0.00,88.00,27620.00,0.00,1319.00,0.00,0.00,0.00,0.00,21270484,44582812,67.70,801680,36522320,15099252,11.36,35121088,7921176,5068,5687820,1102868,34656,35792,0
pes,1,2020-05-25 09:00:35 UTC,0.00,0.00,0.00,500.00,37323.00,0.00,4024.00,0.00,0.00,0.00,0.00,21268428,44584868,67.70,801680,36522464,15099252,11.36,35121424,7921192,4720,5687940,1103064,34608,35792,0
pes,1,2020-05-25 09:00:36 UTC,0.00,0.00,0.00,0.00,20314.00,0.00,3492.00,0.00,0.00,0.00,0.00,21263444,44589852,67.71,801680,36522040,15107344,11.37,35127056,7921188,4340,5693444,1103100,34672,35796,0
pes,1,2020-05-25 09:00:37 UTC,0.00,0.00,0.00,104.00,6028.00,0.00,68008.00,0.00,0.00,0.00,0.00,21530392,44322904,67.31,801680,36521744,14709608,11.07,34861152,7920932,4336,5427872,1103228,34096,34744,0
pes,1,2020-05-25 09:00:38 UTC,0.00,0.00,0.00,0.00,67432.00,0.00,5736.00,0.00,0.00,0.00,0.00,21419248,44434048,67.47,801684,36521664,15070884,11.34,34971556,7921100,4180,5538912,1103352,34528,35440,0
pes,1,2020-05-25 09:00:39 UTC,0.00,0.00,0.00,472.00,44344.00,0.00,80306.00,0.00,0.00,0.00,0.00,21655864,44197432,67.11,801684,36521604,14604728,10.99,34736068,7921080,4240,5303840,1103192,34048,34796,0
pes,1,2020-05-25 09:00:40 UTC,0.00,0.00,0.00,936.00,128185.00,0.00,14875.00,0.00,0.00,0.00,0.00,21404124,44449172,67.50,801684,36520796,15079836,11.35,34979516,7921244,2744,5547996,1103320,34384,35124,0
pes,1,2020-05-25 09:00:41 UTC,0.00,0.00,0.00,240.00,61421.00,0.00,160709.00,0.00,0.00,0.00,0.00,21908016,43945280,66.73,801688,36519968,14217196,10.70,34482308,7921100,1852,5050420,1103132,32720,33396,0
pes,1,2020-05-25 09:00:42 UTC,0.00,0.00,0.00,104.00,94896.00,0.00,77455.00,0.00,0.00,0.00,0.00,21868008,43985288,66.79,801688,36520272,14621428,11.00,34520760,7921336,2060,5088836,1102996,33952,33800,0
pes,1,2020-05-25 09:00:43 UTC,0.00,0.00,0.00,0.00,109963.00,0.00,30040.00,0.00,0.00,0.00,0.00,21681372,44171924,67.08,801700,36520240,14864864,11.19,34703016,7921260,2328,5272308,1102716,34288,34796,0
pes,1,2020-05-25 09:00:44 UTC,0.00,0.00,0.00,488.00,127204.00,0.00,13604.00,0.00,0.00,0.00,0.00,21411396,44441900,67.49,801700,36520664,14990628,11.28,34974652,7921628,2952,5543576,1103008,34560,35224,0
pes,1,2020-05-25 09:00:45 UTC,0.00,0.00,0.00,68.00,57519.00,0.00,4420.00,0.00,0.00,0.00,0.00,21297216,44556080,67.66,801700,36521060,15079772,11.35,35088088,7921900,3296,5657200,1102784,34688,35716,0
pes,1,2020-05-25 09:00:46 UTC,0.00,0.00,0.00,0.00,33528.00,0.00,9608.00,0.00,0.00,0.00,0.00,21296144,44557152,67.66,801700,36521088,15079772,11.35,35089684,7921896,3328,5658388,1102752,34688,35720,0
pes,1,2020-05-25 09:00:47 UTC,0.00,0.00,0.00,0.00,66786.00,0.00,12851.00,0.00,0.00,0.00,0.00,21295348,44557948,67.66,801700,36521184,15079772,11.35,35090968,7921912,3424,5659712,1102752,34688,35720,0
pes,1,2020-05-25 09:00:48 UTC,0.00,0.00,0.00,0.00,63935.00,0.00,3035.00,0.00,0.00,0.00,0.00,21292912,44560384,67.67,801700,36521256,15079772,11.35,35091836,7921948,3496,5660416,1102752,34688,35724,0
pes,1,2020-05-25 09:00:49 UTC,0.00,0.00,0.00,128.00,122457.00,0.00,7786.00,0.00,0.00,0.00,0.00,21279200,44574096,67.69,801700,36521600,15079772,11.35,35107356,7921940,3852,5675688,1102532,34688,35752,0
pes,1,2020-05-25 09:00:50 UTC,0.00,0.00,0.00,92.00,54955.00,0.00,11988.00,0.00,0.00,0.00,0.00,21279220,44574076,67.69,801700,36521732,15079772,11.35,35107416,7921952,3988,5675588,1102532,34688,35760,0
pes,1,2020-05-25 09:00:51 UTC,0.00,0.00,0.00,0.00,16752.00,0.00,580.00,0.00,0.00,0.00,0.00,21279536,44573760,67.69,801700,36521764,15079772,11.35,35107860,7921956,3948,5675880,1102440,34672,35760,0
pes,1,2020-05-25 09:00:52 UTC,0.00,0.00,0.00,0.00,36546.00,0.00,7659.00,0.00,0.00,0.00,0.00,21278636,44574660,67.69,801700,36521796,15079772,11.35,35108032,7921956,3984,5675808,1102440,34656,35760,0
pes,1,2020-05-25 09:00:53 UTC,0.00,0.00,0.00,0.00,49270.00,0.00,1523.00,0.00,0.00,0.00,0.00,21273044,44580252,67.70,801700,36521980,15079772,11.35,35112260,7921992,4168,5680160,1102440,34656,35780,0
pes,1,2020-05-25 09:00:54 UTC,0.00,0.00,0.00,76.00,84420.00,0.00,13167.00,0.00,0.00,0.00,0.00,21268376,44584920,67.70,801700,36522268,15079772,11.35,35117060,7922020,4456,5684680,1102444,34656,35780,0
pes,1,2020-05-25 09:00:55 UTC,0.00,0.00,0.00,484.00,44068.00,0.00,6969.00,0.00,0.00,0.00,0.00,21269240,44584056,67.70,801700,36522408,15079772,11.35,35115656,7922028,4048,5683156,1102396,34624,35788,0
pes,1,2020-05-25 09:00:56 UTC,0.00,0.00,0.00,0.00,23519.00,0.00,5568.00,0.00,0.00,0.00,0.00,21268692,44584604,67.70,801700,36522440,15079772,11.35,35115296,7922056,4080,5683232,1102396,34624,35788,0
pes,1,2020-05-25 09:00:57 UTC,0.00,0.00,0.00,0.00,14102.00,0.00,3825.00,0.00,0.00,0.00,0.00,21270780,44582516,67.70,801700,36522472,15079772,11.35,35113380,7922076,4116,5680972,1102396,34624,35788,0
pes,1,2020-05-25 09:00:58 UTC,0.00,0.00,0.00,0.00,64645.00,0.00,4059.00,0.00,0.00,0.00,0.00,21272020,44581276,67.70,801700,36522924,15079772,11.35,35112588,7922104,4568,5679716,1102408,34624,35784,0
pes,1,2020-05-25 09:00:59 UTC,0.00,0.00,0.00,84.00,93113.00,0.00,6035.00,0.00,0.00,0.00,0.00,21258980,44594316,67.72,801700,36523008,15079772,11.35,35124504,7922132,4700,5691488,1102312,34624,35784,0
pes,1,2020-05-25 09:01:00 UTC,0.00,0.00,0.00,3.96,37284.16,0.00,886.14,0.00,0.00,0.00,0.00,21259204,44594092,67.72,801700,36523016,15079772,11.35,35124828,7922152,4704,5691820,1102312,34624,35784,0
pes,1,2020-05-25 09:01:01 UTC,0.00,0.00,0.00,0.00,8301.00,0.00,653.00,0.00,0.00,0.00,0.00,21259616,44593680,67.72,801700,36523116,15079772,11.35,35125224,7922156,4804,5691932,1102344,34624,35808,0
pes,1,2020-05-25 09:01:02 UTC,0.00,0.00,0.00,0.00,84802.00,0.00,1518.00,0.00,0.00,0.00,0.00,21258904,44594392,67.72,801700,36523460,15079772,11.35,35125880,7922196,5148,5692540,1102408,34624,35808,0
pes,1,2020-05-25 09:01:03 UTC,0.00,0.00,0.00,0.00,20545.00,0.00,3098.00,0.00,0.00,0.00,0.00,21267524,44585772,67.70,801700,36523564,15079772,11.35,35117556,7922192,5252,5684132,1102316,34624,35808,0
pes,1,2020-05-25 09:01:04 UTC,0.00,0.00,0.00,76.00,4418.00,0.00,1044.00,0.00,0.00,0.00,0.00,21268548,44584748,67.70,801700,36523680,15079772,11.35,35118176,7922208,5388,5684524,1102380,34624,35808,0
pes,1,2020-05-25 09:01:05 UTC,0.00,0.00,0.00,1080.00,5983.00,0.00,224.00,0.00,0.00,0.00,0.00,21267384,44585912,67.70,801700,36523768,15079772,11.35,35118832,7922208,4828,5685084,1102444,34608,35808,0
pes,1,2020-05-25 09:01:06 UTC,0.00,0.00,0.00,0.00,46891.00,0.00,1635.00,0.00,0.00,0.00,0.00,21269180,44584116,67.70,801700,36524016,15079772,11.35,35117504,7922236,4684,5683540,1102480,34608,35812,0
pes,1,2020-05-25 09:01:07 UTC,0.00,0.00,0.00,0.00,35601.00,0.00,2525.00,0.00,0.00,0.00,0.00,21268564,44584732,67.70,801700,36524252,15079772,11.35,35118840,7922260,4920,5684500,1102484,34592,35812,0
pes,1,2020-05-25 09:01:08 UTC,0.00,0.00,0.00,0.00,33354.00,0.00,5819.00,0.00,0.00,0.00,0.00,21260988,44592308,67.71,801700,36523740,15079772,11.35,35125268,7922268,4408,5691496,1102532,34640,35816,0
pes,1,2020-05-25 09:01:09 UTC,0.00,0.00,0.00,300.00,5968.00,0.00,70116.00,0.00,0.00,0.00,0.00,21535704,44317592,67.30,801700,36523592,14678152,11.05,34852968,7921972,4264,5418852,1102380,33712,34784,0
pes,1,2020-05-25 09:01:10 UTC,0.00,0.00,0.00,396.00,32950.00,0.00,4069.00,0.00,0.00,0.00,0.00,21436752,44416544,67.45,801700,36523732,15031268,11.31,34950572,7922060,4376,5516792,1102480,33648,35396,0
pes,1,2020-05-25 09:01:11 UTC,0.00,0.00,0.00,0.00,35763.00,0.00,4467.00,0.00,0.00,0.00,0.00,21392308,44460988,67.52,801700,36524100,14976408,11.27,34995508,7922176,4428,5561944,1102388,34496,35524,0
pes,1,2020-05-25 09:01:12 UTC,0.00,0.00,0.00,136.00,62256.00,0.00,72483.00,0.00,0.00,0.00,0.00,21537104,44316192,67.30,801700,36523868,14667228,11.04,34852372,7922532,4116,5418744,1102384,34576,35160,0
pes,1,2020-05-25 09:01:13 UTC,0.00,0.00,0.00,136.00,57077.00,0.00,82112.00,0.00,0.00,0.00,0.00,21706044,44147252,67.04,801712,36522680,14645236,11.02,34680436,7922296,2940,5248748,1102408,34400,34748,0
pes,1,2020-05-25 09:01:14 UTC,0.00,0.00,0.00,652.00,75314.00,0.00,89162.00,0.00,0.00,0.00,0.00,21827964,44025332,66.85,801716,36522316,14604852,10.99,34558708,7922028,2776,5125744,1102712,33344,33928,0
pes,1,2020-05-25 09:01:15 UTC,0.00,0.00,0.00,592.00,107664.00,0.00,17827.00,0.00,0.00,0.00,0.00,21574872,44278424,67.24,801716,36522728,14931776,11.24,34810224,7922344,3184,5378460,1102864,34304,34840,0
pes,1,2020-05-25 09:01:16 UTC,0.00,0.00,0.00,0.00,75544.00,0.00,16705.00,0.00,0.00,0.00,0.00,21404140,44449156,67.50,801716,36523112,15047972,11.33,34981220,7922600,3016,5547348,1103088,34480,35224,0
pes,1,2020-05-25 09:01:17 UTC,0.00,0.00,0.00,104.00,46899.00,0.00,75346.00,0.00,0.00,0.00,0.00,21552880,44300416,67.27,801716,36522492,14669464,11.04,34833996,7922664,2608,5402100,1102528,33936,34484,0
pes,1,2020-05-25 09:01:18 UTC,0.00,0.00,0.00,0.00,62842.00,0.00,23692.00,0.00,0.00,0.00,0.00,21461864,44391432,67.41,801720,36522720,15027000,11.31,34924336,7922752,2900,5491384,1102152,34496,35264,0
pes,1,2020-05-25 09:01:19 UTC,0.00,0.00,0.00,436.00,76587.00,0.00,26548.00,0.00,0.00,0.00,0.00,21415444,44437852,67.48,801720,36522756,15044480,11.32,34968856,7922760,3040,5537000,1102152,34560,35440,0
pes,1,2020-05-25 09:01:20 UTC,0.00,0.00,0.00,24.00,94999.00,0.00,14268.00,0.00,0.00,0.00,0.00,21291692,44561604,67.67,801720,36523040,15066564,11.34,35093840,7923008,3336,5662180,1102160,34704,35724,0
pes,1,2020-05-25 09:01:21 UTC,0.00,0.00,0.00,0.00,87966.00,0.00,3726.00,0.00,0.00,0.00,0.00,21280492,44572804,67.69,801720,36523176,15075200,11.35,35104980,7923016,3460,5672840,1102128,34688,35744,0
pes,1,2020-05-25 09:01:22 UTC,0.00,0.00,0.00,0.00,87580.00,0.00,27346.00,0.00,0.00,0.00,0.00,21278472,44574824,67.69,801720,36523416,15083464,11.35,35108412,7923044,3700,5675472,1102128,34688,35760,0
pes,1,2020-05-25 09:01:23 UTC,0.00,0.00,0.00,0.00,25652.00,0.00,10037.00,0.00,0.00,0.00,0.00,21274824,44578472,67.69,801720,36523548,15083464,11.35,35111512,7923040,3832,5678844,1102128,34672,35772,0
pes,1,2020-05-25 09:01:24 UTC,0.00,0.00,0.00,116.00,10231.00,0.00,967.00,0.00,0.00,0.00,0.00,21272332,44580964,67.70,801720,36523576,15083464,11.35,35114136,7923052,3868,5681748,1102128,34688,35772,0
pes,1,2020-05-25 09:01:25 UTC,0.00,0.00,0.00,0.00,42865.00,0.00,2916.00,0.00,0.00,0.00,0.00,21269024,44584272,67.70,801720,36523580,15083464,11.35,35116260,7923052,3876,5684092,1102192,34688,35772,0
pes,1,2020-05-25 09:01:26 UTC,0.00,0.00,0.00,0.00,82412.00,0.00,5889.00,0.00,0.00,0.00,0.00,21270084,44583212,67.70,801720,36523948,15083464,11.35,35116920,7923092,4248,5683492,1102164,34672,35800,0
pes,1,2020-05-25 09:01:27 UTC,0.00,0.00,0.00,0.00,43086.00,0.00,9110.00,0.00,0.00,0.00,0.00,21268612,44584684,67.70,801720,36524084,15105476,11.37,35117956,7923112,4384,5684912,1102132,34656,35772,0
pes,1,2020-05-25 09:01:28 UTC,0.00,0.00,0.00,0.00,81239.00,0.00,6733.00,0.00,0.00,0.00,0.00,21267872,44585424,67.70,801720,36524220,15105476,11.37,35118204,7923112,4520,5685256,1102072,34640,35772,0
pes,1,2020-05-25 09:01:29 UTC,0.00,0.00,0.00,80.00,65090.00,0.00,1806.00,0.00,0.00,0.00,0.00,21267916,44585380,67.70,801720,36524360,15105476,11.37,35119008,7923140,4660,5685648,1102072,34640,35776,0
pes,1,2020-05-25 09:01:30 UTC,0.00,0.00,0.00,548.00,59383.00,0.00,1022.00,0.00,0.00,0.00,0.00,21264996,44588300,67.71,801720,36524452,15105476,11.37,35121980,7923156,4752,5688604,1101976,34624,35780,0
pes,1,2020-05-25 09:01:31 UTC,0.00,0.00,0.00,0.00,54339.00,0.00,14298.00,0.00,0.00,0.00,0.00,21264428,44588868,67.71,801720,36524732,15105476,11.37,35123348,7923160,4432,5689608,1101976,34624,35780,0
pes,1,2020-05-25 09:01:32 UTC,0.00,0.00,0.00,0.00,61189.00,0.00,4055.00,0.00,0.00,0.00,0.00,21262924,44590372,67.71,801720,36524764,15105476,11.37,35124260,7923184,4480,5690604,1101976,34640,35788,0
pes,1,2020-05-25 09:01:33 UTC,0.00,0.00,0.00,0.00,63587.00,0.00,3879.00,0.00,0.00,0.00,0.00,21260296,44593000,67.72,801720,36524920,15105476,11.37,35126744,7923184,4636,5692908,1101976,34640,35788,0
pes,1,2020-05-25 09:01:34 UTC,0.00,0.00,0.00,84.00,82574.00,0.00,4837.00,0.00,0.00,0.00,0.00,21247788,44605508,67.73,801720,36525132,15131300,11.39,35140020,7923232,4920,5706492,1102044,34640,35772,0
pes,1,2020-05-25 09:01:35 UTC,0.00,0.00,0.00,24.00,60787.00,0.00,720.00,0.00,0.00,0.00,0.00,21247684,44605612,67.73,801720,36525268,15131300,11.39,35140236,7923244,5056,5706104,1102012,34624,35772,0
pes,1,2020-05-25 09:01:36 UTC,0.00,0.00,0.00,0.00,22572.00,0.00,1944.00,0.00,0.00,0.00,0.00,21247108,44606188,67.74,801720,36525332,15131300,11.39,35140496,7923268,5116,5706320,1102016,34624,35776,0
pes,1,2020-05-25 09:01:37 UTC,0.00,0.00,0.00,0.00,24676.00,0.00,1417.00,0.00,0.00,0.00,0.00,21245560,44607736,67.74,801720,36525648,15131300,11.39,35142704,7923288,5432,5708348,1101988,34608,35784,0
pes,1,2020-05-25 09:01:38 UTC,0.00,0.00,0.00,0.00,10907.00,0.00,1097.00,0.00,0.00,0.00,0.00,21243704,44609592,67.74,801720,36525680,15131300,11.39,35144372,7923300,5464,5709884,1101988,34608,35784,0
pes,1,2020-05-25 09:01:39 UTC,0.00,0.00,0.00,76.00,4300.00,0.00,833.00,0.00,0.00,0.00,0.00,21244816,44608480,67.74,801720,36525924,15131300,11.39,35142880,7923304,5716,5708156,1101992,34608,35784,0
pes,1,2020-05-25 09:01:40 UTC,0.00,0.00,0.00,1284.00,46213.00,0.00,719.00,0.00,0.00,0.00,0.00,21241720,44611576,67.74,801720,36525960,15131300,11.39,35146580,7923324,4456,5711792,1101960,34608,35788,0
pes,1,2020-05-25 09:01:41 UTC,0.00,0.00,0.00,0.00,37173.00,0.00,644.00,0.00,0.00,0.00,0.00,21240868,44612428,67.75,801720,36526092,15131300,11.39,35147096,7923328,4664,5712308,1101960,34608,35792,0
pes,1,2020-05-25 09:01:42 UTC,0.00,0.00,0.00,0.00,37264.00,0.00,789.00,0.00,0.00,0.00,0.00,21240516,44612780,67.75,801720,36526336,15131300,11.39,35148280,7923364,4932,5713196,1101992,34560,35792,0
pes,1,2020-05-25 09:01:43 UTC,0.00,0.00,0.00,0.00,95948.00,0.00,6202.00,0.00,0.00,0.00,0.00,21191532,44661764,67.82,801720,36525476,15131300,11.39,35196860,7923364,4072,5762704,1102060,34624,35796,0
pes,1,2020-05-25 09:01:44 UTC,0.00,0.00,0.00,636.00,38944.00,0.00,215234.00,0.00,0.00,0.00,0.00,22010124,43843172,66.58,801724,36525028,13932564,10.49,34376912,7923328,3772,4942852,1102176,33088,33144,0
pes,1,2020-05-25 09:01:45 UTC,0.00,0.00,0.00,636.00,78791.00,0.00,9574.00,0.00,0.00,0.00,0.00,21764224,44089072,66.95,801736,36524528,14986980,11.28,34623300,7923016,2368,5189748,1101752,34080,34320,0
pes,1,2020-05-25 09:01:46 UTC,0.00,0.00,0.00,0.00,103295.00,0.00,23047.00,0.00,0.00,0.00,0.00,21602700,44250596,67.20,801740,36524772,14958728,11.26,34783164,7923020,2668,5349404,1102224,34288,34900,0
pes,1,2020-05-25 09:01:47 UTC,0.00,0.00,0.00,136.00,124679.00,0.00,84176.00,0.00,0.00,0.00,0.00,21509856,44343440,67.34,801740,36525044,14704100,11.07,34877116,7923812,2856,5443816,1102516,34384,34000,0
pes,1,2020-05-25 09:01:48 UTC,0.00,0.00,0.00,104.00,54212.00,0.00,82745.00,0.00,0.00,0.00,0.00,21675280,44178016,67.09,801760,36524380,14679408,11.05,34707804,7923712,2088,5274652,1102472,34464,34708,0
pes,1,2020-05-25 09:01:49 UTC,0.00,0.00,0.00,564.00,88275.00,0.00,16330.00,0.00,0.00,0.00,0.00,21535564,44317732,67.30,801776,36524412,14977816,11.27,34849932,7923700,2752,5417172,1102424,34384,35104,0
pes,1,2020-05-25 09:01:50 UTC,0.00,0.00,0.00,232.00,100308.00,0.00,22495.00,0.00,0.00,0.00,0.00,21375852,44477444,67.54,801776,36524500,15068568,11.34,35008092,7923744,2844,5575192,1102416,34576,35488,0
pes,1,2020-05-25 09:01:51 UTC,0.00,0.00,0.00,0.00,81500.00,0.00,10961.00,0.00,0.00,0.00,0.00,21253944,44599352,67.73,801776,36524776,15086064,11.35,35130476,7923988,2904,5697512,1102520,34640,35564,0
pes,1,2020-05-25 09:01:52 UTC,0.00,0.00,0.00,0.00,85832.00,0.00,4568.00,0.00,0.00,0.00,0.00,21243740,44609556,67.74,801776,36525132,15086064,11.35,35139748,7924044,3260,5706628,1102552,34688,35788,0
pes,1,2020-05-25 09:01:53 UTC,0.00,0.00,0.00,0.00,63573.00,0.00,6433.00,0.00,0.00,0.00,0.00,21242092,44611204,67.74,801776,36525160,15094124,11.36,35141984,7924052,3288,5708548,1102536,34688,35800,0
pes,1,2020-05-25 09:01:54 UTC,0.00,0.00,0.00,176.00,39719.00,0.00,21036.00,0.00,0.00,0.00,0.00,21241544,44611752,67.74,801776,36525160,15094124,11.36,35142116,7924048,3288,5708688,1102568,34688,35800,0
pes,1,2020-05-25 09:01:55 UTC,0.00,0.00,0.00,0.00,52334.00,0.00,1019.00,0.00,0.00,0.00,0.00,21239936,44613360,67.75,801776,36525252,15094124,11.36,35144656,7924084,3392,5711364,1102544,34704,35800,0
pes,1,2020-05-25 09:01:56 UTC,0.00,0.00,0.00,0.00,61477.00,0.00,4180.00,0.00,0.00,0.00,0.00,21233512,44619784,67.76,801776,36525460,15102184,11.37,35150956,7924088,3600,5717392,1102576,34704,35812,0
pes,1,2020-05-25 09:01:57 UTC,0.00,0.00,0.00,0.00,51096.00,0.00,9680.00,0.00,0.00,0.00,0.00,21228140,44625156,67.76,801776,36525696,15102184,11.37,35156840,7924108,3836,5723028,1102608,34704,35816,0
pes,1,2020-05-25 09:01:58 UTC,0.00,0.00,0.00,0.00,35667.00,0.00,3668.00,0.00,0.00,0.00,0.00,21228192,44625104,67.76,801776,36525832,15102184,11.37,35157308,7924116,3972,5723196,1102448,34656,35820,0
pes,1,2020-05-25 09:01:59 UTC,0.00,0.00,0.00,68.00,39188.00,0.00,3535.00,0.00,0.00,0.00,0.00,21230648,44622648,67.76,801776,36525868,15102184,11.37,35155400,7924140,4008,5721380,1102352,34656,35820,0
pes,1,2020-05-25 09:02:00 UTC,0.00,0.00,0.00,0.00,53407.00,0.00,2846.00,0.00,0.00,0.00,0.00,21233260,44620036,67.76,801776,36526012,15110412,11.37,35151376,7924144,4152,5717284,1102304,34640,35816,0
pes,1,2020-05-25 09:02:01 UTC,0.00,0.00,0.00,0.00,52128.00,0.00,5938.00,0.00,0.00,0.00,0.00,21232496,44620800,67.76,801776,36526276,15110412,11.37,35152764,7924148,4416,5718448,1102304,34640,35816,0
pes,1,2020-05-25 09:02:02 UTC,0.00,0.00,0.00,0.00,73293.00,0.00,8885.00,0.00,0.00,0.00,0.00,21231008,44622288,67.76,801776,36526480,15110412,11.37,35153128,7924176,4620,5719088,1102336,34624,35816,0
pes,1,2020-05-25 09:02:03 UTC,0.00,0.00,0.00,0.00,30254.00,0.00,7433.00,0.00,0.00,0.00,0.00,21231184,44622112,67.76,801776,36526508,15110412,11.37,35153408,7924164,4648,5718824,1102400,34624,35816,0
pes,1,2020-05-25 09:02:04 UTC,0.00,0.00,0.00,72.00,45938.00,0.00,2726.00,0.00,0.00,0.00,0.00,21231172,44622124,67.76,801776,36526676,15110412,11.37,35153888,7924192,4816,5719308,1102368,34608,35816,0
pes,1,2020-05-25 09:02:05 UTC,0.00,0.00,0.00,508.00,58759.00,0.00,1725.00,0.00,0.00,0.00,0.00,21231460,44621836,67.76,801776,36526856,15110412,11.37,35154516,7924212,4996,5719728,1102336,34608,35816,0
pes,1,2020-05-25 09:02:06 UTC,0.00,0.00,0.00,0.00,91854.00,0.00,1334.00,0.00,0.00,0.00,0.00,21230476,44622820,67.76,801776,36527012,15110412,11.37,35155192,7924232,4616,5720268,1102240,34608,35816,0
pes,1,2020-05-25 09:02:07 UTC,0.00,0.00,0.00,0.00,34691.00,0.00,1368.00,0.00,0.00,0.00,0.00,21229996,44623300,67.76,801776,36527160,15118604,11.38,35155968,7924252,4764,5720844,1102272,34608,35816,0
pes,1,2020-05-25 09:02:08 UTC,0.00,0.00,0.00,0.00,71547.00,0.00,833.00,0.00,0.00,0.00,0.00,21230732,44622564,67.76,801776,36527272,15118604,11.38,35156440,7924264,4876,5721240,1102240,34608,35816,0
pes,1,2020-05-25 09:02:09 UTC,0.00,0.00,0.00,76.00,48387.00,0.00,790.00,0.00,0.00,0.00,0.00,21231648,44621648,67.76,801776,36527492,15118604,11.38,35155712,7924284,5096,5720336,1102192,34608,35816,0
pes,1,2020-05-25 09:02:10 UTC,0.00,0.00,0.00,80.00,64667.00,0.00,1434.00,0.00,0.00,0.00,0.00,21230664,44622632,67.76,801776,36527592,15118604,11.38,35156060,7924300,5256,5720928,1102192,34608,35816,0
pes,1,2020-05-25 09:02:11 UTC,0.00,0.00,0.00,0.00,43389.00,0.00,2486.00,0.00,0.00,0.00,0.00,21232340,44620956,67.76,801776,36527804,15118604,11.38,35155464,7924348,5436,5719784,1102192,34608,35816,0
pes,1,2020-05-25 09:02:12 UTC,0.00,0.00,0.00,0.00,46808.00,0.00,2981.00,0.00,0.00,0.00,0.00,21212816,44640480,67.79,801776,36527344,15118604,11.38,35172964,7924372,4984,5738040,1102192,34608,35816,0
pes,1,2020-05-25 09:02:13 UTC,0.00,0.00,0.00,136.00,77006.00,0.00,78050.00,0.00,0.00,0.00,0.00,21471076,44382220,67.40,801776,36527032,14717540,11.08,34916488,7924364,4688,5481364,1102192,34512,35196,0
pes,1,2020-05-25 09:02:14 UTC,0.00,0.00,0.00,444.00,41029.00,0.00,74121.00,0.00,0.00,0.00,0.00,21661440,44191856,67.11,801776,36526684,14667888,11.04,34724356,7923936,4244,5288660,1102512,33600,34240,0
pes,1,2020-05-25 09:02:15 UTC,0.00,0.00,0.00,1232.00,82189.00,0.00,10328.00,0.00,0.00,0.00,0.00,21525648,44327648,67.31,801780,36526536,14986832,11.28,34858548,7924124,2940,5424060,1102120,34384,35068,0
pes,1,2020-05-25 09:02:16 UTC,0.00,0.00,0.00,104.00,140862.00,0.00,93697.00,0.00,0.00,0.00,0.00,21535824,44317472,67.30,801792,36526744,15046484,11.32,34847740,7924268,3220,5412572,1102688,34384,34952,0
pes,1,2020-05-25 09:02:17 UTC,0.00,0.00,0.00,136.00,72074.00,0.00,85623.00,0.00,0.00,0.00,0.00,21631256,44222040,67.15,801792,36526236,14681592,11.05,34752756,7924232,2716,5318564,1102464,34192,34844,0
pes,1,2020-05-25 09:02:18 UTC,0.00,0.00,0.00,0.00,44257.00,0.00,6022.00,0.00,0.00,0.00,0.00,21506484,44346812,67.34,801792,36526480,14704732,11.07,34879872,7924540,2936,5445448,1102360,33632,34492,0
pes,1,2020-05-25 09:02:19 UTC,0.00,0.00,0.00,0.00,17786.00,0.00,5207.00,0.00,0.00,0.00,0.00,21491736,44361560,67.36,801792,36526624,14712896,11.07,34892980,7924556,3080,5458032,1102440,33680,34724,0
pes,1,2020-05-25 09:02:20 UTC,0.00,0.00,0.00,976.00,22197.00,0.00,85968.00,0.00,0.00,0.00,0.00,21769604,44083692,66.94,801792,36525820,14314972,10.77,34616508,7924260,2488,5182384,1102328,32720,33644,0
pes,1,2020-05-25 09:02:21 UTC,0.00,0.00,0.00,0.00,41793.00,0.00,5131.00,0.00,0.00,0.00,0.00,21767728,44085568,66.95,801792,36525912,14314972,10.77,34618296,7924364,2492,5184348,1102328,32736,33648,0
pes,1,2020-05-25 09:02:22 UTC,0.00,0.00,0.00,0.00,67941.00,0.00,5721.00,0.00,0.00,0.00,0.00,21761256,44092040,66.95,801792,36525984,14314972,10.77,34626496,7924380,2220,5192056,1102360,32736,33652,0
pes,1,2020-05-25 09:02:23 UTC,0.00,0.00,0.00,0.00,36500.00,0.00,924.00,0.00,0.00,0.00,0.00,21761992,44091304,66.95,801792,36526228,14314972,10.77,34626332,7924424,2472,5192196,1102392,32736,33672,0
pes,1,2020-05-25 09:02:24 UTC,0.00,0.00,0.00,0.00,12292.00,0.00,4621.00,0.00,0.00,0.00,0.00,21761460,44091836,66.95,801792,36526260,14314972,10.77,34625440,7924412,2508,5191228,1102552,32736,33672,0
pes,1,2020-05-25 09:02:25 UTC,0.00,0.00,0.00,264.00,18323.00,0.00,120.00,0.00,0.00,0.00,0.00,21762192,44091104,66.95,801792,36526292,14314972,10.77,34625696,7924424,2576,5191436,1102616,32752,33672,0
pes,1,2020-05-25 09:02:26 UTC,0.00,0.00,0.00,0.00,35639.00,0.00,666.00,0.00,0.00,0.00,0.00,21755604,44097692,66.96,801792,36526348,14323124,10.78,34632248,7924448,2636,5198000,1102616,32736,33672,0
pes,1,2020-05-25 09:02:27 UTC,0.00,0.00,0.00,0.00,37324.00,0.00,4062.00,0.00,0.00,0.00,0.00,21753980,44099316,66.97,801792,36526664,14323124,10.78,34633228,7924448,2956,5198728,1102620,32736,33684,0
pes,1,2020-05-25 09:02:28 UTC,0.00,0.00,0.00,0.00,47306.00,0.00,4028.00,0.00,0.00,0.00,0.00,21677932,44175364,67.08,801796,36526816,14670464,11.04,34710880,7924552,3104,5276028,1102844,33504,34300,0
pes,1,2020-05-25 09:02:29 UTC,0.00,0.00,0.00,0.00,42997.00,0.00,9132.00,0.00,0.00,0.00,0.00,21625860,44227436,67.16,801796,36526852,14694736,11.06,34760820,7924552,3148,5326332,1102876,33568,34444,0
pes,1,2020-05-25 09:02:30 UTC,0.00,0.00,0.00,224.00,51792.00,0.00,5446.00,0.00,0.00,0.00,0.00,21498456,44354840,67.35,801796,36527128,14721520,11.08,34888748,7924792,3448,5453580,1102944,33584,34520,0
pes,1,2020-05-25 09:02:31 UTC,0.00,0.00,0.00,0.00,21100.00,0.00,2142.00,0.00,0.00,0.00,0.00,21496940,44356356,67.36,801796,36527372,14721520,11.08,34890524,7924824,3692,5455980,1102884,33680,34740,0
pes,1,2020-05-25 09:02:32 UTC,0.00,0.00,0.00,0.00,36268.00,0.00,733.00,0.00,0.00,0.00,0.00,21496096,44357200,67.36,801796,36527508,14721520,11.08,34891860,7924856,3844,5457144,1102756,33696,34744,0
pes,1,2020-05-25 09:02:33 UTC,0.00,0.00,0.00,0.00,33128.00,0.00,471.00,0.00,0.00,0.00,0.00,21496064,44357232,67.36,801796,36527536,14721520,11.08,34892740,7924864,3872,5457884,1102756,33696,34744,0
pes,1,2020-05-25 09:02:34 UTC,0.00,0.00,0.00,0.00,53597.00,0.00,728.00,0.00,0.00,0.00,0.00,21496780,44356516,67.36,801796,36527536,14721520,11.08,34892760,7924864,3872,5457924,1102756,33696,34744,0
pes,1,2020-05-25 09:02:35 UTC,0.00,0.00,0.00,100.00,46690.00,0.00,2538.00,0.00,0.00,0.00,0.00,21492456,44360840,67.36,801796,36527908,14721520,11.08,34895944,7924872,4244,5460632,1102728,33680,34748,0
pes,1,2020-05-25 09:02:36 UTC,0.00,0.00,0.00,0.00,14357.00,0.00,548.00,0.00,0.00,0.00,0.00,21493228,44360068,67.36,801796,36527940,14721520,11.08,34896148,7924872,4272,5460844,1102728,33680,34748,0
pes,1,2020-05-25 09:02:37 UTC,0.00,0.00,0.00,0.00,2537.00,0.00,302.00,0.00,0.00,0.00,0.00,21492732,44360564,67.36,801796,36527940,14721520,11.08,34895724,7924872,4272,5460856,1102728,33680,34748,0
pes,1,2020-05-25 09:02:38 UTC,0.00,0.00,0.00,0.00,38940.00,0.00,1206.00,0.00,0.00,0.00,0.00,21494476,44358820,67.36,801796,36527940,14721520,11.08,34893544,7924872,4272,5458240,1102728,33680,34748,0
pes,1,2020-05-25 09:02:39 UTC,0.00,0.00,0.00,0.00,27152.00,0.00,351.00,0.00,0.00,0.00,0.00,21493632,44359664,67.36,801796,36528352,14721520,11.08,34894632,7924924,4684,5458948,1102728,33680,34748,0
pes,1,2020-05-25 09:02:40 UTC,0.00,0.00,0.00,716.00,35381.00,0.00,977.00,0.00,0.00,0.00,0.00,21493220,44360076,67.36,801796,36528488,14721520,11.08,34896068,7924940,4820,5460300,1102732,33680,34748,0
pes,1,2020-05-25 09:02:41 UTC,0.00,0.00,0.00,0.00,30435.00,0.00,266.00,0.00,0.00,0.00,0.00,21492660,44360636,67.36,801796,36528520,14721520,11.08,34896300,7924964,4228,5460612,1102764,33664,34748,0
pes,1,2020-05-25 09:02:42 UTC,0.00,0.00,0.00,0.00,69948.00,0.00,3885.00,0.00,0.00,0.00,0.00,21483640,44369656,67.38,801796,36528024,14721520,11.08,34906652,7924960,3740,5470668,1102768,33712,34752,0
pes,1,2020-05-25 09:02:43 UTC,0.00,0.00,0.00,304.00,64090.00,0.00,211246.00,0.00,0.00,0.00,0.00,22274504,43578792,66.18,801796,36527664,13547076,10.20,34114844,7924680,3328,4679368,1102740,33328,32088,0
pes,1,2020-05-25 09:02:44 UTC,0.00,0.00,0.00,0.00,14553.00,0.00,1154.00,0.00,0.00,0.00,0.00,22277508,43575788,66.17,801796,36527056,13547076,10.20,34113328,7924312,2544,4678008,1101780,30800,31564,0
pes,1,2020-05-25 09:02:45 UTC,0.00,0.00,0.00,596.00,691.00,0.00,233.00,0.00,0.00,0.00,0.00,22278220,43575076,66.17,801800,36527052,13547076,10.20,34113328,7924312,2544,4678056,1101780,30800,31564,0
pes,1,2020-05-25 09:02:46 UTC,0.00,0.00,0.00,112.00,16442.00,0.00,73954.00,0.00,0.00,0.00,0.00,22531340,43321956,65.79,801800,36530556,13166160,9.91,33860056,7924344,6140,4420352,1101780,30832,30916,0
pes,1,2020-05-25 09:02:47 UTC,0.00,0.00,0.00,84.00,16489.00,0.00,4273.00,0.00,0.00,0.00,0.00,22508140,43345156,65.82,801800,36526660,13182340,9.92,33886960,7924352,2248,4452140,1101608,29760,30572,0
pes,1,2020-05-25 09:02:48 UTC,0.00,0.00,0.00,44.00,3044.00,0.00,49420.00,0.00,0.00,0.00,0.00,22701744,43151552,65.53,801800,36526864,12847492,9.67,33695760,7924516,2772,4260800,1100912,28528,29604,0
pes,1,2020-05-25 09:02:49 UTC,0.00,0.00,0.00,4.00,9862.00,0.00,6088.00,0.00,0.00,0.00,0.00,22707640,43145656,65.52,801800,36526244,12839292,9.66,33693440,7924112,2808,4258628,1100912,27856,29600,0
